{"a":{"0":0.5234960389,"1":0.8520347639,"2":0.8595491143,"3":0.8915860416,"4":0.2327143377,"5":0.6446345935,"6":0.572704724,"7":0.0766537717,"8":0.5966176903,"9":0.3523439338},"b":{"0":0.6892342972,"1":0.7092552603,"2":0.0080373426,"3":0.8196908059,"4":0.7550002273,"5":0.6939031016,"6":0.5316128312,"7":0.3940676496,"8":0.111337293,"9":0.1641365425},"c":{"0":0.4276146299,"1":0.4751076021,"2":0.2889375733,"3":0.1078478819,"4":0.8486200314,"5":0.2766525307,"6":0.6058707533,"7":0.5237181399,"8":0.121053083,"9":0.7529997803},"d":{"0":0.1571526273,"1":0.1578460936,"2":0.2472127739,"3":0.8009482672,"4":0.1243131651,"5":0.2024482903,"6":0.9625527382,"7":0.9438182711,"8":0.1310181507,"9":0.7647452449},"e":{"0":0.170035969,"1":0.8251505454,"2":0.5686237742,"3":0.8737494607,"4":0.1389203803,"5":0.9563413449,"6":0.7574542045,"7":0.7801268622,"8":0.4871930304,"9":0.4568276074},"f":{"0":0.1141999473,"1":0.2810570952,"2":0.8604056612,"3":0.7407547996,"4":0.6654534037,"5":0.8677001925,"6":0.6844707571,"7":0.2792736634,"8":0.8576340181,"9":0.3669456604},"g":{"0":0.6342269685,"1":0.581832294,"2":0.2395148655,"3":0.9174888874,"4":0.0247328165,"5":0.6819414408,"6":0.5175319959,"7":0.9197816085,"8":0.9739748723,"9":0.8365991187},"h":{"0":0.290824151,"1":0.9920058207,"2":0.0557523252,"3":0.650159491,"4":0.7833836716,"5":0.4019685518,"6":0.2156089765,"7":0.2669162304,"8":0.050240512,"9":0.4020450031},"i":{"0":0.1021898524,"1":0.2001913362,"2":0.5580497076,"3":0.0364295958,"4":0.980259946,"5":0.8116131846,"6":0.6621583634,"7":0.3887953629,"8":0.7486011044,"9":0.0928099233},"j":{"0":0.1220126955,"1":0.3323951279,"2":0.7728722023,"3":0.0849517809,"4":0.9012710214,"5":0.9375940995,"6":0.5468647699,"7":0.4895046853,"8":0.743715072,"9":0.3190140459}}